cod;genero;raca;nome;regiao;periodo;valor
12;homem;nao negro;AC;Norte;2000;44
27;homem;nao negro;AL;Nordeste;2000;92
16;homem;nao negro;AP;Norte;2000;12
13;homem;nao negro;AM;Norte;2000;42
29;homem;nao negro;BA;Nordeste;2000;79
23;homem;nao negro;CE;Nordeste;2000;182
53;homem;nao negro;DF;Centro-Oeste;2000;97
32;homem;nao negro;ES;Sudeste;2000;237
52;homem;nao negro;GO;Centro-Oeste;2000;269
21;homem;nao negro;MA;Nordeste;2000;56
51;homem;nao negro;MT;Centro-Oeste;2000;303
50;homem;nao negro;MS;Centro-Oeste;2000;259
31;homem;nao negro;MG;Sudeste;2000;541
15;homem;nao negro;PA;Norte;2000;88
25;homem;nao negro;PB;Nordeste;2000;52
41;homem;nao negro;PR;Sul;2000;1242
26;homem;nao negro;PE;Nordeste;2000;476
22;homem;nao negro;PI;Nordeste;2000;33
33;homem;nao negro;RJ;Sudeste;2000;2447
24;homem;nao negro;RN;Nordeste;2000;50
43;homem;nao negro;RS;Sul;2000;1216
11;homem;nao negro;RO;Norte;2000;109
14;homem;nao negro;RR;Norte;2000;18
42;homem;nao negro;SC;Sul;2000;292
35;homem;nao negro;SP;Sudeste;2000;8110
28;homem;nao negro;SE;Nordeste;2000;62
17;homem;nao negro;TO;Norte;2000;52
12;homem;nao negro;AC;Norte;2001;31
27;homem;nao negro;AL;Nordeste;2001;95
16;homem;nao negro;AP;Norte;2001;13
13;homem;nao negro;AM;Norte;2001;50
29;homem;nao negro;BA;Nordeste;2001;132
23;homem;nao negro;CE;Nordeste;2001;164
53;homem;nao negro;DF;Centro-Oeste;2001;87
32;homem;nao negro;ES;Sudeste;2001;222
52;homem;nao negro;GO;Centro-Oeste;2001;306
21;homem;nao negro;MA;Nordeste;2001;81
51;homem;nao negro;MT;Centro-Oeste;2001;276
50;homem;nao negro;MS;Centro-Oeste;2001;265
31;homem;nao negro;MG;Sudeste;2001;673
15;homem;nao negro;PA;Norte;2001;96
25;homem;nao negro;PB;Nordeste;2001;47
41;homem;nao negro;PR;Sul;2001;1469
26;homem;nao negro;PE;Nordeste;2001;491
22;homem;nao negro;PI;Nordeste;2001;34
33;homem;nao negro;RJ;Sudeste;2001;2306
24;homem;nao negro;RN;Nordeste;2001;58
43;homem;nao negro;RS;Sul;2001;1342
11;homem;nao negro;RO;Norte;2001;178
14;homem;nao negro;RR;Norte;2001;21
42;homem;nao negro;SC;Sul;2001;320
35;homem;nao negro;SP;Sudeste;2001;8301
28;homem;nao negro;SE;Nordeste;2001;80
17;homem;nao negro;TO;Norte;2001;60
12;homem;nao negro;AC;Norte;2002;43
27;homem;nao negro;AL;Nordeste;2002;99
16;homem;nao negro;AP;Norte;2002;14
13;homem;nao negro;AM;Norte;2002;53
29;homem;nao negro;BA;Nordeste;2002;134
23;homem;nao negro;CE;Nordeste;2002;126
53;homem;nao negro;DF;Centro-Oeste;2002;80
32;homem;nao negro;ES;Sudeste;2002;261
52;homem;nao negro;GO;Centro-Oeste;2002;361
21;homem;nao negro;MA;Nordeste;2002;90
51;homem;nao negro;MT;Centro-Oeste;2002;283
50;homem;nao negro;MS;Centro-Oeste;2002;284
31;homem;nao negro;MG;Sudeste;2002;783
15;homem;nao negro;PA;Norte;2002;127
25;homem;nao negro;PB;Nordeste;2002;44
41;homem;nao negro;PR;Sul;2002;1644
26;homem;nao negro;PE;Nordeste;2002;459
22;homem;nao negro;PI;Nordeste;2002;37
33;homem;nao negro;RJ;Sudeste;2002;2631
24;homem;nao negro;RN;Nordeste;2002;58
43;homem;nao negro;RS;Sul;2002;1402
11;homem;nao negro;RO;Norte;2002;177
14;homem;nao negro;RR;Norte;2002;25
42;homem;nao negro;SC;Sul;2002;396
35;homem;nao negro;SP;Sudeste;2002;7611
28;homem;nao negro;SE;Nordeste;2002;61
17;homem;nao negro;TO;Norte;2002;39
12;homem;nao negro;AC;Norte;2003;35
27;homem;nao negro;AL;Nordeste;2003;58
16;homem;nao negro;AP;Norte;2003;9
13;homem;nao negro;AM;Norte;2003;47
29;homem;nao negro;BA;Nordeste;2003;140
23;homem;nao negro;CE;Nordeste;2003;149
53;homem;nao negro;DF;Centro-Oeste;2003;95
32;homem;nao negro;ES;Sudeste;2003;293
52;homem;nao negro;GO;Centro-Oeste;2003;301
21;homem;nao negro;MA;Nordeste;2003;109
51;homem;nao negro;MT;Centro-Oeste;2003;266
50;homem;nao negro;MS;Centro-Oeste;2003;268
31;homem;nao negro;MG;Sudeste;2003;996
15;homem;nao negro;PA;Norte;2003;137
25;homem;nao negro;PB;Nordeste;2003;44
41;homem;nao negro;PR;Sul;2003;1887
26;homem;nao negro;PE;Nordeste;2003;493
22;homem;nao negro;PI;Nordeste;2003;27
33;homem;nao negro;RJ;Sudeste;2003;2499
24;homem;nao negro;RN;Nordeste;2003;81
43;homem;nao negro;RS;Sul;2003;1391
11;homem;nao negro;RO;Norte;2003;149
14;homem;nao negro;RR;Norte;2003;21
42;homem;nao negro;SC;Sul;2003;442
35;homem;nao negro;SP;Sudeste;2003;7487
28;homem;nao negro;SE;Nordeste;2003;54
17;homem;nao negro;TO;Norte;2003;37
12;homem;nao negro;AC;Norte;2004;24
27;homem;nao negro;AL;Nordeste;2004;43
16;homem;nao negro;AP;Norte;2004;9
13;homem;nao negro;AM;Norte;2004;63
29;homem;nao negro;BA;Nordeste;2004;139
23;homem;nao negro;CE;Nordeste;2004;125
53;homem;nao negro;DF;Centro-Oeste;2004;101
32;homem;nao negro;ES;Sudeste;2004;227
52;homem;nao negro;GO;Centro-Oeste;2004;411
21;homem;nao negro;MA;Nordeste;2004;79
51;homem;nao negro;MT;Centro-Oeste;2004;234
50;homem;nao negro;MS;Centro-Oeste;2004;245
31;homem;nao negro;MG;Sudeste;2004;1063
15;homem;nao negro;PA;Norte;2004;143
25;homem;nao negro;PB;Nordeste;2004;40
41;homem;nao negro;PR;Sul;2004;2030
26;homem;nao negro;PE;Nordeste;2004;388
22;homem;nao negro;PI;Nordeste;2004;40
33;homem;nao negro;RJ;Sudeste;2004;2307
24;homem;nao negro;RN;Nordeste;2004;61
43;homem;nao negro;RS;Sul;2004;1414
11;homem;nao negro;RO;Norte;2004;147
14;homem;nao negro;RR;Norte;2004;13
42;homem;nao negro;SC;Sul;2004;427
35;homem;nao negro;SP;Sudeste;2004;5958
28;homem;nao negro;SE;Nordeste;2004;43
17;homem;nao negro;TO;Norte;2004;45
12;homem;nao negro;AC;Norte;2005;26
27;homem;nao negro;AL;Nordeste;2005;61
16;homem;nao negro;AP;Norte;2005;20
13;homem;nao negro;AM;Norte;2005;66
29;homem;nao negro;BA;Nordeste;2005;150
23;homem;nao negro;CE;Nordeste;2005;138
53;homem;nao negro;DF;Centro-Oeste;2005;81
32;homem;nao negro;ES;Sudeste;2005;213
52;homem;nao negro;GO;Centro-Oeste;2005;361
21;homem;nao negro;MA;Nordeste;2005;130
51;homem;nao negro;MT;Centro-Oeste;2005;227
50;homem;nao negro;MS;Centro-Oeste;2005;230
31;homem;nao negro;MG;Sudeste;2005;999
15;homem;nao negro;PA;Norte;2005;155
25;homem;nao negro;PB;Nordeste;2005;43
41;homem;nao negro;PR;Sul;2005;2094
26;homem;nao negro;PE;Nordeste;2005;414
22;homem;nao negro;PI;Nordeste;2005;43
33;homem;nao negro;RJ;Sudeste;2005;2238
24;homem;nao negro;RN;Nordeste;2005;65
43;homem;nao negro;RS;Sul;2005;1415
11;homem;nao negro;RO;Norte;2005;134
14;homem;nao negro;RR;Norte;2005;18
42;homem;nao negro;SC;Sul;2005;422
35;homem;nao negro;SP;Sudeste;2005;4575
28;homem;nao negro;SE;Nordeste;2005;69
17;homem;nao negro;TO;Norte;2005;35
12;homem;nao negro;AC;Norte;2006;36
27;homem;nao negro;AL;Nordeste;2006;62
16;homem;nao negro;AP;Norte;2006;11
13;homem;nao negro;AM;Norte;2006;77
29;homem;nao negro;BA;Nordeste;2006;183
23;homem;nao negro;CE;Nordeste;2006;148
53;homem;nao negro;DF;Centro-Oeste;2006;70
32;homem;nao negro;ES;Sudeste;2006;211
52;homem;nao negro;GO;Centro-Oeste;2006;332
21;homem;nao negro;MA;Nordeste;2006;135
51;homem;nao negro;MT;Centro-Oeste;2006;212
50;homem;nao negro;MS;Centro-Oeste;2006;265
31;homem;nao negro;MG;Sudeste;2006;1103
15;homem;nao negro;PA;Norte;2006;139
25;homem;nao negro;PB;Nordeste;2006;38
41;homem;nao negro;PR;Sul;2006;2326
26;homem;nao negro;PE;Nordeste;2006;351
22;homem;nao negro;PI;Nordeste;2006;47
33;homem;nao negro;RJ;Sudeste;2006;2217
24;homem;nao negro;RN;Nordeste;2006;71
43;homem;nao negro;RS;Sul;2006;1457
11;homem;nao negro;RO;Norte;2006;125
14;homem;nao negro;RR;Norte;2006;31
42;homem;nao negro;SC;Sul;2006;439
35;homem;nao negro;SP;Sudeste;2006;4315
28;homem;nao negro;SE;Nordeste;2006;76
17;homem;nao negro;TO;Norte;2006;34
12;homem;nao negro;AC;Norte;2007;26
27;homem;nao negro;AL;Nordeste;2007;65
16;homem;nao negro;AP;Norte;2007;17
13;homem;nao negro;AM;Norte;2007;38
29;homem;nao negro;BA;Nordeste;2007;233
23;homem;nao negro;CE;Nordeste;2007;185
53;homem;nao negro;DF;Centro-Oeste;2007;94
32;homem;nao negro;ES;Sudeste;2007;245
52;homem;nao negro;GO;Centro-Oeste;2007;341
21;homem;nao negro;MA;Nordeste;2007;144
51;homem;nao negro;MT;Centro-Oeste;2007;230
50;homem;nao negro;MS;Centro-Oeste;2007;274
31;homem;nao negro;MG;Sudeste;2007;1030
15;homem;nao negro;PA;Norte;2007;164
25;homem;nao negro;PB;Nordeste;2007;32
41;homem;nao negro;PR;Sul;2007;2220
26;homem;nao negro;PE;Nordeste;2007;246
22;homem;nao negro;PI;Nordeste;2007;50
33;homem;nao negro;RJ;Sudeste;2007;1883
24;homem;nao negro;RN;Nordeste;2007;84
43;homem;nao negro;RS;Sul;2007;1574
11;homem;nao negro;RO;Norte;2007;94
14;homem;nao negro;RR;Norte;2007;20
42;homem;nao negro;SC;Sul;2007;450
35;homem;nao negro;SP;Sudeste;2007;3315
28;homem;nao negro;SE;Nordeste;2007;66
17;homem;nao negro;TO;Norte;2007;29
12;homem;nao negro;AC;Norte;2008;18
27;homem;nao negro;AL;Nordeste;2008;55
16;homem;nao negro;AP;Norte;2008;6
13;homem;nao negro;AM;Norte;2008;40
29;homem;nao negro;BA;Nordeste;2008;311
23;homem;nao negro;CE;Nordeste;2008;176
53;homem;nao negro;DF;Centro-Oeste;2008;98
32;homem;nao negro;ES;Sudeste;2008;234
52;homem;nao negro;GO;Centro-Oeste;2008;364
21;homem;nao negro;MA;Nordeste;2008;144
51;homem;nao negro;MT;Centro-Oeste;2008;211
50;homem;nao negro;MS;Centro-Oeste;2008;274
31;homem;nao negro;MG;Sudeste;2008;938
15;homem;nao negro;PA;Norte;2008;186
25;homem;nao negro;PB;Nordeste;2008;42
41;homem;nao negro;PR;Sul;2008;2413
26;homem;nao negro;PE;Nordeste;2008;387
22;homem;nao negro;PI;Nordeste;2008;46
33;homem;nao negro;RJ;Sudeste;2008;1644
24;homem;nao negro;RN;Nordeste;2008;93
43;homem;nao negro;RS;Sul;2008;1685
11;homem;nao negro;RO;Norte;2008;120
14;homem;nao negro;RR;Norte;2008;19
42;homem;nao negro;SC;Sul;2008;600
35;homem;nao negro;SP;Sudeste;2008;3263
28;homem;nao negro;SE;Nordeste;2008;65
17;homem;nao negro;TO;Norte;2008;37
12;homem;nao negro;AC;Norte;2009;10
27;homem;nao negro;AL;Nordeste;2009;46
16;homem;nao negro;AP;Norte;2009;9
13;homem;nao negro;AM;Norte;2009;37
29;homem;nao negro;BA;Nordeste;2009;301
23;homem;nao negro;CE;Nordeste;2009;166
53;homem;nao negro;DF;Centro-Oeste;2009;105
32;homem;nao negro;ES;Sudeste;2009;219
52;homem;nao negro;GO;Centro-Oeste;2009;365
21;homem;nao negro;MA;Nordeste;2009;142
51;homem;nao negro;MT;Centro-Oeste;2009;209
50;homem;nao negro;MS;Centro-Oeste;2009;276
31;homem;nao negro;MG;Sudeste;2009;923
15;homem;nao negro;PA;Norte;2009;189
25;homem;nao negro;PB;Nordeste;2009;41
41;homem;nao negro;PR;Sul;2009;2698
26;homem;nao negro;PE;Nordeste;2009;328
22;homem;nao negro;PI;Nordeste;2009;49
33;homem;nao negro;RJ;Sudeste;2009;1538
24;homem;nao negro;RN;Nordeste;2009;115
43;homem;nao negro;RS;Sul;2009;1589
11;homem;nao negro;RO;Norte;2009;127
14;homem;nao negro;RR;Norte;2009;26
42;homem;nao negro;SC;Sul;2009;605
35;homem;nao negro;SP;Sudeste;2009;3382
28;homem;nao negro;SE;Nordeste;2009;65
17;homem;nao negro;TO;Norte;2009;47
12;homem;nao negro;AC;Norte;2010;25
27;homem;nao negro;AL;Nordeste;2010;42
16;homem;nao negro;AP;Norte;2010;26
13;homem;nao negro;AM;Norte;2010;71
29;homem;nao negro;BA;Nordeste;2010;332
23;homem;nao negro;CE;Nordeste;2010;272
53;homem;nao negro;DF;Centro-Oeste;2010;85
32;homem;nao negro;ES;Sudeste;2010;231
52;homem;nao negro;GO;Centro-Oeste;2010;349
21;homem;nao negro;MA;Nordeste;2010;133
51;homem;nao negro;MT;Centro-Oeste;2010;217
50;homem;nao negro;MS;Centro-Oeste;2010;238
31;homem;nao negro;MG;Sudeste;2010;797
15;homem;nao negro;PA;Norte;2010;236
25;homem;nao negro;PB;Nordeste;2010;48
41;homem;nao negro;PR;Sul;2010;2588
26;homem;nao negro;PE;Nordeste;2010;228
22;homem;nao negro;PI;Nordeste;2010;45
33;homem;nao negro;RJ;Sudeste;2010;1610
24;homem;nao negro;RN;Nordeste;2010;98
43;homem;nao negro;RS;Sul;2010;1438
11;homem;nao negro;RO;Norte;2010;131
14;homem;nao negro;RR;Norte;2010;11
42;homem;nao negro;SC;Sul;2010;578
35;homem;nao negro;SP;Sudeste;2010;2911
28;homem;nao negro;SE;Nordeste;2010;52
17;homem;nao negro;TO;Norte;2010;38
12;homem;nao negro;AC;Norte;2011;12
27;homem;nao negro;AL;Nordeste;2011;67
16;homem;nao negro;AP;Norte;2011;24
13;homem;nao negro;AM;Norte;2011;131
29;homem;nao negro;BA;Nordeste;2011;374
23;homem;nao negro;CE;Nordeste;2011;251
53;homem;nao negro;DF;Centro-Oeste;2011;94
32;homem;nao negro;ES;Sudeste;2011;201
52;homem;nao negro;GO;Centro-Oeste;2011;392
21;homem;nao negro;MA;Nordeste;2011;184
51;homem;nao negro;MT;Centro-Oeste;2011;227
50;homem;nao negro;MS;Centro-Oeste;2011;214
31;homem;nao negro;MG;Sudeste;2011;1061
15;homem;nao negro;PA;Norte;2011;217
25;homem;nao negro;PB;Nordeste;2011;65
41;homem;nao negro;PR;Sul;2011;2440
26;homem;nao negro;PE;Nordeste;2011;200
22;homem;nao negro;PI;Nordeste;2011;51
33;homem;nao negro;RJ;Sudeste;2011;1319
24;homem;nao negro;RN;Nordeste;2011;140
43;homem;nao negro;RS;Sul;2011;1424
11;homem;nao negro;RO;Norte;2011;102
14;homem;nao negro;RR;Norte;2011;14
42;homem;nao negro;SC;Sul;2011;607
35;homem;nao negro;SP;Sudeste;2011;2808
28;homem;nao negro;SE;Nordeste;2011;49
17;homem;nao negro;TO;Norte;2011;51
12;homem;nao negro;AC;Norte;2012;17
27;homem;nao negro;AL;Nordeste;2012;73
16;homem;nao negro;AP;Norte;2012;19
13;homem;nao negro;AM;Norte;2012;121
29;homem;nao negro;BA;Nordeste;2012;395
23;homem;nao negro;CE;Nordeste;2012;223
53;homem;nao negro;DF;Centro-Oeste;2012;83
32;homem;nao negro;ES;Sudeste;2012;175
52;homem;nao negro;GO;Centro-Oeste;2012;511
21;homem;nao negro;MA;Nordeste;2012;172
51;homem;nao negro;MT;Centro-Oeste;2012;218
50;homem;nao negro;MS;Centro-Oeste;2012;196
31;homem;nao negro;MG;Sudeste;2012;1102
15;homem;nao negro;PA;Norte;2012;221
25;homem;nao negro;PB;Nordeste;2012;81
41;homem;nao negro;PR;Sul;2012;2408
26;homem;nao negro;PE;Nordeste;2012;161
22;homem;nao negro;PI;Nordeste;2012;45
33;homem;nao negro;RJ;Sudeste;2012;1241
24;homem;nao negro;RN;Nordeste;2012;175
43;homem;nao negro;RS;Sul;2012;1617
11;homem;nao negro;RO;Norte;2012;124
14;homem;nao negro;RR;Norte;2012;31
42;homem;nao negro;SC;Sul;2012;553
35;homem;nao negro;SP;Sudeste;2012;3150
28;homem;nao negro;SE;Nordeste;2012;65
17;homem;nao negro;TO;Norte;2012;50
12;homem;nao negro;AC;Norte;2013;20
27;homem;nao negro;AL;Nordeste;2013;94
16;homem;nao negro;AP;Norte;2013;25
13;homem;nao negro;AM;Norte;2013;122
29;homem;nao negro;BA;Nordeste;2013;330
23;homem;nao negro;CE;Nordeste;2013;232
53;homem;nao negro;DF;Centro-Oeste;2013;69
32;homem;nao negro;ES;Sudeste;2013;201
52;homem;nao negro;GO;Centro-Oeste;2013;557
21;homem;nao negro;MA;Nordeste;2013;184
51;homem;nao negro;MT;Centro-Oeste;2013;243
50;homem;nao negro;MS;Centro-Oeste;2013;192
31;homem;nao negro;MG;Sudeste;2013;1118
15;homem;nao negro;PA;Norte;2013;240
25;homem;nao negro;PB;Nordeste;2013;86
41;homem;nao negro;PR;Sul;2013;2089
26;homem;nao negro;PE;Nordeste;2013;196
22;homem;nao negro;PI;Nordeste;2013;58
33;homem;nao negro;RJ;Sudeste;2013;1302
24;homem;nao negro;RN;Nordeste;2013;178
43;homem;nao negro;RS;Sul;2013;1614
11;homem;nao negro;RO;Norte;2013;131
14;homem;nao negro;RR;Norte;2013;50
42;homem;nao negro;SC;Sul;2013;577
35;homem;nao negro;SP;Sudeste;2013;2823
28;homem;nao negro;SE;Nordeste;2013;76
17;homem;nao negro;TO;Norte;2013;60
12;homem;nao negro;AC;Norte;2014;35
27;homem;nao negro;AL;Nordeste;2014;71
16;homem;nao negro;AP;Norte;2014;14
13;homem;nao negro;AM;Norte;2014;92
29;homem;nao negro;BA;Nordeste;2014;367
23;homem;nao negro;CE;Nordeste;2014;251
53;homem;nao negro;DF;Centro-Oeste;2014;105
32;homem;nao negro;ES;Sudeste;2014;218
52;homem;nao negro;GO;Centro-Oeste;2014;574
21;homem;nao negro;MA;Nordeste;2014;215
51;homem;nao negro;MT;Centro-Oeste;2014;278
50;homem;nao negro;MS;Centro-Oeste;2014;218
31;homem;nao negro;MG;Sudeste;2014;1075
15;homem;nao negro;PA;Norte;2014;194
25;homem;nao negro;PB;Nordeste;2014;72
41;homem;nao negro;PR;Sul;2014;2126
26;homem;nao negro;PE;Nordeste;2014;344
22;homem;nao negro;PI;Nordeste;2014;40
33;homem;nao negro;RJ;Sudeste;2014;1364
24;homem;nao negro;RN;Nordeste;2014;194
43;homem;nao negro;RS;Sul;2014;1860
11;homem;nao negro;RO;Norte;2014;127
14;homem;nao negro;RR;Norte;2014;46
42;homem;nao negro;SC;Sul;2014;640
35;homem;nao negro;SP;Sudeste;2014;2833
28;homem;nao negro;SE;Nordeste;2014;79
17;homem;nao negro;TO;Norte;2014;64
12;homem;nao negro;AC;Norte;2015;25
27;homem;nao negro;AL;Nordeste;2015;54
16;homem;nao negro;AP;Norte;2015;12
13;homem;nao negro;AM;Norte;2015;100
29;homem;nao negro;BA;Nordeste;2015;333
23;homem;nao negro;CE;Nordeste;2015;210
53;homem;nao negro;DF;Centro-Oeste;2015;120
32;homem;nao negro;ES;Sudeste;2015;163
52;homem;nao negro;GO;Centro-Oeste;2015;601
21;homem;nao negro;MA;Nordeste;2015;240
51;homem;nao negro;MT;Centro-Oeste;2015;221
50;homem;nao negro;MS;Centro-Oeste;2015;205
31;homem;nao negro;MG;Sudeste;2015;1009
15;homem;nao negro;PA;Norte;2015;202
25;homem;nao negro;PB;Nordeste;2015;76
41;homem;nao negro;PR;Sul;2015;2048
26;homem;nao negro;PE;Nordeste;2015;370
22;homem;nao negro;PI;Nordeste;2015;52
33;homem;nao negro;RJ;Sudeste;2015;1238
24;homem;nao negro;RN;Nordeste;2015;147
43;homem;nao negro;RS;Sul;2015;2024
11;homem;nao negro;RO;Norte;2015;129
14;homem;nao negro;RR;Norte;2015;36
42;homem;nao negro;SC;Sul;2015;662
35;homem;nao negro;SP;Sudeste;2015;2414
28;homem;nao negro;SE;Nordeste;2015;72
17;homem;nao negro;TO;Norte;2015;92
12;homem;nao negro;AC;Norte;2016;39
27;homem;nao negro;AL;Nordeste;2016;28
16;homem;nao negro;AP;Norte;2016;11
13;homem;nao negro;AM;Norte;2016;84
29;homem;nao negro;BA;Nordeste;2016;392
23;homem;nao negro;CE;Nordeste;2016;195
53;homem;nao negro;DF;Centro-Oeste;2016;121
32;homem;nao negro;ES;Sudeste;2016;126
52;homem;nao negro;GO;Centro-Oeste;2016;582
21;homem;nao negro;MA;Nordeste;2016;247
51;homem;nao negro;MT;Centro-Oeste;2016;218
50;homem;nao negro;MS;Centro-Oeste;2016;211
31;homem;nao negro;MG;Sudeste;2016;1054
15;homem;nao negro;PA;Norte;2016;243
25;homem;nao negro;PB;Nordeste;2016;68
41;homem;nao negro;PR;Sul;2016;2180
26;homem;nao negro;PE;Nordeste;2016;490
22;homem;nao negro;PI;Nordeste;2016;45
33;homem;nao negro;RJ;Sudeste;2016;1383
24;homem;nao negro;RN;Nordeste;2016;185
43;homem;nao negro;RS;Sul;2016;2163
11;homem;nao negro;RO;Norte;2016;158
14;homem;nao negro;RR;Norte;2016;33
42;homem;nao negro;SC;Sul;2016;654
35;homem;nao negro;SP;Sudeste;2016;2284
28;homem;nao negro;SE;Nordeste;2016;73
17;homem;nao negro;TO;Norte;2016;87
11;homem;nao negro;RO;Norte;2017;123
12;homem;nao negro;AC;Norte;2017;68
13;homem;nao negro;AM;Norte;2017;130
14;homem;nao negro;RR;Norte;2017;50
15;homem;nao negro;PA;Norte;2017;308
16;homem;nao negro;AP;Norte;2017;22
17;homem;nao negro;TO;Norte;2017;96
21;homem;nao negro;MA;Nordeste;2017;169
22;homem;nao negro;PI;Nordeste;2017;46
23;homem;nao negro;CE;Nordeste;2017;291
24;homem;nao negro;RN;Nordeste;2017;178
25;homem;nao negro;PB;Nordeste;2017;85
26;homem;nao negro;PE;Nordeste;2017;580
27;homem;nao negro;AL;Nordeste;2017;29
28;homem;nao negro;SE;Nordeste;2017;67
29;homem;nao negro;BA;Nordeste;2017;428
31;homem;nao negro;MG;Sudeste;2017;974
32;homem;nao negro;ES;Sudeste;2017;161
33;homem;nao negro;RJ;Sudeste;2017;1497
35;homem;nao negro;SP;Sudeste;2017;2094
41;homem;nao negro;PR;Sul;2017;1838
42;homem;nao negro;SC;Sul;2017;701
43;homem;nao negro;RS;Sul;2017;2211
50;homem;nao negro;MS;Centro-Oeste;2017;209
51;homem;nao negro;MT;Centro-Oeste;2017;222
52;homem;nao negro;GO;Centro-Oeste;2017;501
53;homem;nao negro;DF;Centro-Oeste;2017;109
32;homem;negro;ES;Sudeste;2000;624
35;homem;negro;SP;Sudeste;2000;6029
15;homem;negro;PA;Norte;2000;603
31;homem;negro;MG;Sudeste;2000;1126
16;homem;negro;AP;Norte;2000;124
27;homem;negro;AL;Nordeste;2000;487
28;homem;negro;SE;Nordeste;2000;171
33;homem;negro;RJ;Sudeste;2000;4003
25;homem;negro;PB;Nordeste;2000;351
51;homem;negro;MT;Centro-Oeste;2000;561
24;homem;negro;RN;Nordeste;2000;161
11;homem;negro;RO;Norte;2000;230
52;homem;negro;GO;Centro-Oeste;2000;472
17;homem;negro;TO;Norte;2000;103
53;homem;negro;DF;Centro-Oeste;2000;533
22;homem;negro;PI;Nordeste;2000;138
12;homem;negro;AC;Norte;2000;44
43;homem;negro;RS;Sul;2000;250
21;homem;negro;MA;Nordeste;2000;230
41;homem;negro;PR;Sul;2000;331
23;homem;negro;CE;Nordeste;2000;656
14;homem;negro;RR;Norte;2000;89
50;homem;negro;MS;Centro-Oeste;2000;273
29;homem;negro;BA;Nordeste;2000;802
42;homem;negro;SC;Sul;2000;47
26;homem;negro;PE;Nordeste;2000;3003
13;homem;negro;AM;Norte;2000;454
43;homem;negro;RS;Sul;2001;300
52;homem;negro;GO;Centro-Oeste;2001;606
21;homem;negro;MA;Nordeste;2001;403
27;homem;negro;AL;Nordeste;2001;557
33;homem;negro;RJ;Sudeste;2001;4003
31;homem;negro;MG;Sudeste;2001;1304
28;homem;negro;SE;Nordeste;2001;256
16;homem;negro;AP;Norte;2001;155
25;homem;negro;PB;Nordeste;2001;298
41;homem;negro;PR;Sul;2001;333
35;homem;negro;SP;Sudeste;2001;6096
13;homem;negro;AM;Norte;2001;371
15;homem;negro;PA;Norte;2001;725
42;homem;negro;SC;Sul;2001;61
29;homem;negro;BA;Nordeste;2001;1130
50;homem;negro;MS;Centro-Oeste;2001;277
14;homem;negro;RR;Norte;2001;76
23;homem;negro;CE;Nordeste;2001;638
26;homem;negro;PE;Nordeste;2001;3441
11;homem;negro;RO;Norte;2001;275
53;homem;negro;DF;Centro-Oeste;2001;549
51;homem;negro;MT;Centro-Oeste;2001;573
24;homem;negro;RN;Nordeste;2001;204
32;homem;negro;ES;Sudeste;2001;680
17;homem;negro;TO;Norte;2001;126
22;homem;negro;PI;Nordeste;2001;155
12;homem;negro;AC;Norte;2001;65
13;homem;negro;AM;Norte;2002;415
52;homem;negro;GO;Centro-Oeste;2002;666
12;homem;negro;AC;Norte;2002;92
15;homem;negro;PA;Norte;2002;974
42;homem;negro;SC;Sul;2002;75
32;homem;negro;ES;Sudeste;2002;742
29;homem;negro;BA;Nordeste;2002;1209
50;homem;negro;MS;Centro-Oeste;2002;298
14;homem;negro;RR;Norte;2002;83
23;homem;negro;CE;Nordeste;2002;657
27;homem;negro;AL;Nordeste;2002;616
22;homem;negro;PI;Nordeste;2002;214
26;homem;negro;PE;Nordeste;2002;3395
33;homem;negro;RJ;Sudeste;2002;4634
11;homem;negro;RO;Norte;2002;351
24;homem;negro;RN;Nordeste;2002;201
53;homem;negro;DF;Centro-Oeste;2002;503
17;homem;negro;TO;Norte;2002;110
51;homem;negro;MT;Centro-Oeste;2002;549
21;homem;negro;MA;Nordeste;2002;462
28;homem;negro;SE;Nordeste;2002;362
16;homem;negro;AP;Norte;2002;149
43;homem;negro;RS;Sul;2002;288
41;homem;negro;PR;Sul;2002;377
35;homem;negro;SP;Sudeste;2002;5643
25;homem;negro;PB;Nordeste;2002;405
31;homem;negro;MG;Sudeste;2002;1776
26;homem;negro;PE;Nordeste;2003;3375
28;homem;negro;SE;Nordeste;2003;262
51;homem;negro;MT;Centro-Oeste;2003;544
13;homem;negro;AM;Norte;2003;465
33;homem;negro;RJ;Sudeste;2003;4671
17;homem;negro;TO;Norte;2003;144
23;homem;negro;CE;Nordeste;2003;708
11;homem;negro;RO;Norte;2003;346
27;homem;negro;AL;Nordeste;2003;591
12;homem;negro;AC;Norte;2003;91
42;homem;negro;SC;Sul;2003;93
22;homem;negro;PI;Nordeste;2003;217
21;homem;negro;MA;Nordeste;2003;599
31;homem;negro;MG;Sudeste;2003;2340
16;homem;negro;AP;Norte;2003;159
32;homem;negro;ES;Sudeste;2003;816
52;homem;negro;GO;Centro-Oeste;2003;709
29;homem;negro;BA;Nordeste;2003;1565
24;homem;negro;RN;Nordeste;2003;261
15;homem;negro;PA;Norte;2003;1159
50;homem;negro;MS;Centro-Oeste;2003;355
35;homem;negro;SP;Sudeste;2003;5461
53;homem;negro;DF;Centro-Oeste;2003;578
43;homem;negro;RS;Sul;2003;331
25;homem;negro;PB;Nordeste;2003;458
41;homem;negro;PR;Sul;2003;380
14;homem;negro;RR;Norte;2003;75
14;homem;negro;RR;Norte;2004;63
43;homem;negro;RS;Sul;2004;358
24;homem;negro;RN;Nordeste;2004;233
27;homem;negro;AL;Nordeste;2004;666
23;homem;negro;CE;Nordeste;2004;655
16;homem;negro;AP;Norte;2004;146
26;homem;negro;PE;Nordeste;2004;3224
11;homem;negro;RO;Norte;2004;358
22;homem;negro;PI;Nordeste;2004;237
33;homem;negro;RJ;Sudeste;2004;4536
52;homem;negro;GO;Centro-Oeste;2004;830
53;homem;negro;DF;Centro-Oeste;2004;538
51;homem;negro;MT;Centro-Oeste;2004;512
13;homem;negro;AM;Norte;2004;406
41;homem;negro;PR;Sul;2004;495
28;homem;negro;SE;Nordeste;2004;255
12;homem;negro;AC;Norte;2004;73
17;homem;negro;TO;Norte;2004;135
50;homem;negro;MS;Centro-Oeste;2004;342
35;homem;negro;SP;Sudeste;2004;4434
42;homem;negro;SC;Sul;2004;92
31;homem;negro;MG;Sudeste;2004;2686
21;homem;negro;MA;Nordeste;2004;587
29;homem;negro;BA;Nordeste;2004;1704
15;homem;negro;PA;Norte;2004;1274
32;homem;negro;ES;Sudeste;2004;859
25;homem;negro;PB;Nordeste;2004;493
25;homem;negro;PB;Nordeste;2005;563
15;homem;negro;PA;Norte;2005;1625
27;homem;negro;AL;Nordeste;2005;766
28;homem;negro;SE;Nordeste;2005;323
16;homem;negro;AP;Norte;2005;159
35;homem;negro;SP;Sudeste;2005;3474
13;homem;negro;AM;Norte;2005;466
42;homem;negro;SC;Sul;2005;88
29;homem;negro;BA;Nordeste;2005;2216
12;homem;negro;AC;Norte;2005;79
14;homem;negro;RR;Norte;2005;64
23;homem;negro;CE;Nordeste;2005;715
11;homem;negro;RO;Norte;2005;361
53;homem;negro;DF;Centro-Oeste;2005;519
43;homem;negro;RS;Sul;2005;385
32;homem;negro;ES;Sudeste;2005;924
24;homem;negro;RN;Nordeste;2005;248
52;homem;negro;GO;Centro-Oeste;2005;920
33;homem;negro;RJ;Sudeste;2005;4385
21;homem;negro;MA;Nordeste;2005;725
22;homem;negro;PI;Nordeste;2005;266
51;homem;negro;MT;Centro-Oeste;2005;579
17;homem;negro;TO;Norte;2005;133
26;homem;negro;PE;Nordeste;2005;3291
50;homem;negro;MS;Centro-Oeste;2005;316
41;homem;negro;PR;Sul;2005;589
31;homem;negro;MG;Sudeste;2005;2658
51;homem;negro;MT;Centro-Oeste;2006;605
29;homem;negro;BA;Nordeste;2006;2624
42;homem;negro;SC;Sul;2006;78
15;homem;negro;PA;Norte;2006;1749
50;homem;negro;MS;Centro-Oeste;2006;342
32;homem;negro;ES;Sudeste;2006;1008
43;homem;negro;RS;Sul;2006;351
11;homem;negro;RO;Norte;2006;386
24;homem;negro;RN;Nordeste;2006;291
41;homem;negro;PR;Sul;2006;474
26;homem;negro;PE;Nordeste;2006;3632
13;homem;negro;AM;Norte;2006;551
35;homem;negro;SP;Sudeste;2006;3121
22;homem;negro;PI;Nordeste;2006;329
25;homem;negro;PB;Nordeste;2006;648
16;homem;negro;AP;Norte;2006;176
28;homem;negro;SE;Nordeste;2006;384
12;homem;negro;AC;Norte;2006;94
53;homem;negro;DF;Centro-Oeste;2006;537
33;homem;negro;RJ;Sudeste;2006;4339
52;homem;negro;GO;Centro-Oeste;2006;985
23;homem;negro;CE;Nordeste;2006;907
14;homem;negro;RR;Norte;2006;64
27;homem;negro;AL;Nordeste;2006;1012
21;homem;negro;MA;Nordeste;2006;753
31;homem;negro;MG;Sudeste;2006;2520
17;homem;negro;TO;Norte;2006;171
33;homem;negro;RJ;Sudeste;2007;3952
22;homem;negro;PI;Nordeste;2007;285
24;homem;negro;RN;Nordeste;2007;399
32;homem;negro;ES;Sudeste;2007;1081
43;homem;negro;RS;Sul;2007;411
12;homem;negro;AC;Norte;2007;82
53;homem;negro;DF;Centro-Oeste;2007;550
51;homem;negro;MT;Centro-Oeste;2007;561
31;homem;negro;MG;Sudeste;2007;2528
26;homem;negro;PE;Nordeste;2007;3790
15;homem;negro;PA;Norte;2007;1841
11;homem;negro;RO;Norte;2007;285
23;homem;negro;CE;Nordeste;2007;1283
14;homem;negro;RR;Norte;2007;75
29;homem;negro;BA;Nordeste;2007;2909
50;homem;negro;MS;Centro-Oeste;2007;341
42;homem;negro;SC;Sul;2007;88
13;homem;negro;AM;Norte;2007;605
41;homem;negro;PR;Sul;2007;575
25;homem;negro;PB;Nordeste;2007;704
35;homem;negro;SP;Sudeste;2007;2417
16;homem;negro;AP;Norte;2007;132
28;homem;negro;SE;Nordeste;2007;350
27;homem;negro;AL;Nordeste;2007;1179
17;homem;negro;TO;Norte;2007;164
52;homem;negro;GO;Centro-Oeste;2007;970
21;homem;negro;MA;Nordeste;2007;911
11;homem;negro;RO;Norte;2008;298
12;homem;negro;AC;Norte;2008;69
27;homem;negro;AL;Nordeste;2008;1465
16;homem;negro;AP;Norte;2008;183
13;homem;negro;AM;Norte;2008;711
29;homem;negro;BA;Nordeste;2008;3876
23;homem;negro;CE;Nordeste;2008;1303
53;homem;negro;DF;Centro-Oeste;2008;644
32;homem;negro;ES;Sudeste;2008;1123
52;homem;negro;GO;Centro-Oeste;2008;1204
21;homem;negro;MA;Nordeste;2008;1030
51;homem;negro;MT;Centro-Oeste;2008;630
50;homem;negro;MS;Centro-Oeste;2008;339
31;homem;negro;MG;Sudeste;2008;2407
15;homem;negro;PA;Norte;2008;2445
25;homem;negro;PB;Nordeste;2008;852
41;homem;negro;PR;Sul;2008;640
26;homem;negro;PE;Nordeste;2008;3641
22;homem;negro;PI;Nordeste;2008;268
33;homem;negro;RJ;Sudeste;2008;3365
24;homem;negro;RN;Nordeste;2008;510
43;homem;negro;RS;Sul;2008;439
14;homem;negro;RR;Norte;2008;69
42;homem;negro;SC;Sul;2008;100
35;homem;negro;SP;Sudeste;2008;2265
28;homem;negro;SE;Nordeste;2008;383
17;homem;negro;TO;Norte;2008;177
12;homem;negro;AC;Norte;2009;97
32;homem;negro;ES;Sudeste;2009;1215
50;homem;negro;MS;Centro-Oeste;2009;374
51;homem;negro;MT;Centro-Oeste;2009;682
27;homem;negro;AL;Nordeste;2009;1499
28;homem;negro;SE;Nordeste;2009;454
25;homem;negro;PB;Nordeste;2009;1069
26;homem;negro;PE;Nordeste;2009;3208
43;homem;negro;RS;Sul;2009;409
11;homem;negro;RO;Norte;2009;338
24;homem;negro;RN;Nordeste;2009;574
13;homem;negro;AM;Norte;2009;786
42;homem;negro;SC;Sul;2009;107
52;homem;negro;GO;Centro-Oeste;2009;1327
23;homem;negro;CE;Nordeste;2009;1280
15;homem;negro;PA;Norte;2009;2558
31;homem;negro;MG;Sudeste;2009;2261
33;homem;negro;RJ;Sudeste;2009;3237
16;homem;negro;AP;Norte;2009;158
29;homem;negro;BA;Nordeste;2009;4455
14;homem;negro;RR;Norte;2009;66
41;homem;negro;PR;Sul;2009;619
53;homem;negro;DF;Centro-Oeste;2009;692
21;homem;negro;MA;Nordeste;2009;1143
35;homem;negro;SP;Sudeste;2009;2385
22;homem;negro;PI;Nordeste;2009;296
17;homem;negro;TO;Norte;2009;208
23;homem;negro;CE;Nordeste;2010;1600
15;homem;negro;PA;Norte;2010;2998
11;homem;negro;RO;Norte;2010;364
31;homem;negro;MG;Sudeste;2010;2256
50;homem;negro;MS;Centro-Oeste;2010;336
17;homem;negro;TO;Norte;2010;250
41;homem;negro;PR;Sul;2010;619
12;homem;negro;AC;Norte;2010;83
51;homem;negro;MT;Centro-Oeste;2010;667
26;homem;negro;PE;Nordeste;2010;2803
25;homem;negro;PB;Nordeste;2010;1227
28;homem;negro;SE;Nordeste;2010;533
27;homem;negro;AL;Nordeste;2010;1592
21;homem;negro;MA;Nordeste;2010;1242
22;homem;negro;PI;Nordeste;2010;299
35;homem;negro;SP;Sudeste;2010;2219
16;homem;negro;AP;Norte;2010;191
52;homem;negro;GO;Centro-Oeste;2010;1403
33;homem;negro;RJ;Sudeste;2010;3484
42;homem;negro;SC;Sul;2010;114
13;homem;negro;AM;Norte;2010;920
32;homem;negro;ES;Sudeste;2010;1171
24;homem;negro;RN;Nordeste;2010;582
14;homem;negro;RR;Norte;2010;93
53;homem;negro;DF;Centro-Oeste;2010;630
29;homem;negro;BA;Nordeste;2010;4781
43;homem;negro;RS;Sul;2010;398
23;homem;negro;CE;Nordeste;2011;1541
35;homem;negro;SP;Sudeste;2011;2293
29;homem;negro;BA;Nordeste;2011;4402
52;homem;negro;GO;Centro-Oeste;2011;1537
14;homem;negro;RR;Norte;2011;65
32;homem;negro;ES;Sudeste;2011;1105
22;homem;negro;PI;Nordeste;2011;327
13;homem;negro;AM;Norte;2011;1065
51;homem;negro;MT;Centro-Oeste;2011;679
41;homem;negro;PR;Sul;2011;599
28;homem;negro;SE;Nordeste;2011;621
50;homem;negro;MS;Centro-Oeste;2011;376
53;homem;negro;DF;Centro-Oeste;2011;723
26;homem;negro;PE;Nordeste;2011;2790
33;homem;negro;RJ;Sudeste;2011;2933
24;homem;negro;RN;Nordeste;2011;757
11;homem;negro;RO;Norte;2011;290
17;homem;negro;TO;Norte;2011;252
16;homem;negro;AP;Norte;2011;163
12;homem;negro;AC;Norte;2011;88
15;homem;negro;PA;Norte;2011;2629
27;homem;negro;AL;Nordeste;2011;1899
42;homem;negro;SC;Sul;2011;123
25;homem;negro;PB;Nordeste;2011;1324
31;homem;negro;MG;Sudeste;2011;2622
21;homem;negro;MA;Nordeste;2011;1255
43;homem;negro;RS;Sul;2011;427
13;homem;negro;AM;Norte;2012;1094
31;homem;negro;MG;Sudeste;2012;2896
14;homem;negro;RR;Norte;2012;93
22;homem;negro;PI;Nordeste;2012;413
25;homem;negro;PB;Nordeste;2012;1176
41;homem;negro;PR;Sul;2012;690
52;homem;negro;GO;Centro-Oeste;2012;1963
43;homem;negro;RS;Sul;2012;475
16;homem;negro;AP;Norte;2012;200
50;homem;negro;MS;Centro-Oeste;2012;402
11;homem;negro;RO;Norte;2012;338
33;homem;negro;RJ;Sudeste;2012;2999
42;homem;negro;SC;Sul;2012;156
29;homem;negro;BA;Nordeste;2012;4989
23;homem;negro;CE;Nordeste;2012;1811
15;homem;negro;PA;Norte;2012;2738
32;homem;negro;ES;Sudeste;2012;1205
53;homem;negro;DF;Centro-Oeste;2012;785
17;homem;negro;TO;Norte;2012;266
51;homem;negro;MT;Centro-Oeste;2012;732
26;homem;negro;PE;Nordeste;2012;2805
24;homem;negro;RN;Nordeste;2012;819
28;homem;negro;SE;Nordeste;2012;748
12;homem;negro;AC;Norte;2012;157
27;homem;negro;AL;Nordeste;2012;1789
21;homem;negro;MA;Nordeste;2012;1459
35;homem;negro;SP;Sudeste;2012;2627
31;homem;negro;MG;Sudeste;2013;3076
25;homem;negro;PB;Nordeste;2013;1187
50;homem;negro;MS;Centro-Oeste;2013;360
41;homem;negro;PR;Sul;2013;540
51;homem;negro;MT;Centro-Oeste;2013;798
26;homem;negro;PE;Nordeste;2013;2572
21;homem;negro;MA;Nordeste;2013;1788
22;homem;negro;PI;Nordeste;2013;451
52;homem;negro;GO;Centro-Oeste;2013;2076
33;homem;negro;RJ;Sudeste;2013;3247
32;homem;negro;ES;Sudeste;2013;1182
24;homem;negro;RN;Nordeste;2013;1064
53;homem;negro;DF;Centro-Oeste;2013;681
43;homem;negro;RS;Sul;2013;454
23;homem;negro;CE;Nordeste;2013;2088
11;homem;negro;RO;Norte;2013;288
29;homem;negro;BA;Nordeste;2013;4709
14;homem;negro;RR;Norte;2013;123
13;homem;negro;AM;Norte;2013;955
42;homem;negro;SC;Sul;2013;101
16;homem;negro;AP;Norte;2013;162
35;homem;negro;SP;Sudeste;2013;2459
27;homem;negro;AL;Nordeste;2013;1845
28;homem;negro;SE;Nordeste;2013;829
12;homem;negro;AC;Norte;2013;165
17;homem;negro;TO;Norte;2013;235
15;homem;negro;PA;Norte;2013;2830
42;homem;negro;SC;Sul;2014;138
29;homem;negro;BA;Nordeste;2014;5095
21;homem;negro;MA;Nordeste;2014;2048
25;homem;negro;PB;Nordeste;2014;1244
53;homem;negro;DF;Centro-Oeste;2014;664
16;homem;negro;AP;Norte;2014;213
14;homem;negro;RR;Norte;2014;83
27;homem;negro;AL;Nordeste;2014;1829
52;homem;negro;GO;Centro-Oeste;2014;1986
11;homem;negro;RO;Norte;2014;386
35;homem;negro;SP;Sudeste;2014;2612
22;homem;negro;PI;Nordeste;2014;538
31;homem;negro;MG;Sudeste;2014;3153
50;homem;negro;MS;Centro-Oeste;2014;388
43;homem;negro;RS;Sul;2014;577
13;homem;negro;AM;Norte;2014;1038
41;homem;negro;PR;Sul;2014;541
24;homem;negro;RN;Nordeste;2014;1233
12;homem;negro;AC;Norte;2014;171
32;homem;negro;ES;Sudeste;2014;1206
23;homem;negro;CE;Nordeste;2014;2362
28;homem;negro;SE;Nordeste;2014;938
51;homem;negro;MT;Centro-Oeste;2014;946
26;homem;negro;PE;Nordeste;2014;2704
17;homem;negro;TO;Norte;2014;267
33;homem;negro;RJ;Sudeste;2014;3666
15;homem;negro;PA;Norte;2014;2912
43;homem;negro;RS;Sul;2015;601
53;homem;negro;DF;Centro-Oeste;2015;551
24;homem;negro;RN;Nordeste;2015;1207
25;homem;negro;PB;Nordeste;2015;1222
14;homem;negro;RR;Norte;2015;138
13;homem;negro;AM;Norte;2015;1242
32;homem;negro;ES;Sudeste;2015;1061
33;homem;negro;RJ;Sudeste;2015;3283
42;homem;negro;SC;Sul;2015;185
16;homem;negro;AP;Norte;2015;251
15;homem;negro;PA;Norte;2015;3138
52;homem;negro;GO;Centro-Oeste;2015;2087
22;homem;negro;PI;Nordeste;2015;487
35;homem;negro;SP;Sudeste;2015;2336
27;homem;negro;AL;Nordeste;2015;1566
21;homem;negro;MA;Nordeste;2015;2003
26;homem;negro;PE;Nordeste;2015;3173
28;homem;negro;SE;Nordeste;2015;1157
12;homem;negro;AC;Norte;2015;169
31;homem;negro;MG;Sudeste;2015;3033
51;homem;negro;MT;Centro-Oeste;2015;843
41;homem;negro;PR;Sul;2015;611
50;homem;negro;MS;Centro-Oeste;2015;367
17;homem;negro;TO;Norte;2015;342
23;homem;negro;CE;Nordeste;2015;2118
11;homem;negro;RO;Norte;2015;397
29;homem;negro;BA;Nordeste;2015;5112
26;homem;negro;PE;Nordeste;2016;3618
25;homem;negro;PB;Nordeste;2016;1099
33;homem;negro;RJ;Sudeste;2016;4076
32;homem;negro;ES;Sudeste;2016;943
31;homem;negro;MG;Sudeste;2016;3099
23;homem;negro;CE;Nordeste;2016;2363
28;homem;negro;SE;Nordeste;2016;1330
12;homem;negro;AC;Norte;2016;288
43;homem;negro;RS;Sul;2016;707
50;homem;negro;MS;Centro-Oeste;2016;369
51;homem;negro;MT;Centro-Oeste;2016;845
41;homem;negro;PR;Sul;2016;619
13;homem;negro;AM;Norte;2016;1231
11;homem;negro;RO;Norte;2016;483
14;homem;negro;RR;Norte;2016;145
24;homem;negro;RN;Nordeste;2016;1479
29;homem;negro;BA;Nordeste;2016;6132
17;homem;negro;TO;Norte;2016;426
22;homem;negro;PI;Nordeste;2016;563
15;homem;negro;PA;Norte;2016;3597
52;homem;negro;GO;Centro-Oeste;2016;2168
35;homem;negro;SP;Sudeste;2016;2017
27;homem;negro;AL;Nordeste;2016;1665
16;homem;negro;AP;Norte;2016;347
42;homem;negro;SC;Sul;2016;213
53;homem;negro;DF;Centro-Oeste;2016;569
21;homem;negro;MA;Nordeste;2016;1963
11;homem;negro;RO;Norte;2017;357
52;homem;negro;GO;Centro-Oeste;2017;2094
12;homem;negro;AC;Norte;2017;404
13;homem;negro;AM;Norte;2017;1418
32;homem;negro;ES;Sudeste;2017;1098
14;homem;negro;RR;Norte;2017;169
15;homem;negro;PA;Norte;2017;3858
50;homem;negro;MS;Centro-Oeste;2017;385
16;homem;negro;AP;Norte;2017;328
17;homem;negro;TO;Norte;2017;407
21;homem;negro;MA;Nordeste;2017;1855
22;homem;negro;PI;Nordeste;2017;509
41;homem;negro;PR;Sul;2017;647
23;homem;negro;CE;Nordeste;2017;4580
43;homem;negro;RS;Sul;2017;772
24;homem;negro;RN;Nordeste;2017;1798
25;homem;negro;PB;Nordeste;2017;1151
42;homem;negro;SC;Sul;2017;247
53;homem;negro;DF;Centro-Oeste;2017;452
29;homem;negro;BA;Nordeste;2017;6377
31;homem;negro;MG;Sudeste;2017;2885
27;homem;negro;AL;Nordeste;2017;1636
26;homem;negro;PE;Nordeste;2017;4462
51;homem;negro;MT;Centro-Oeste;2017;780
33;homem;negro;RJ;Sudeste;2017;4378
28;homem;negro;SE;Nordeste;2017;1168
35;homem;negro;SP;Sudeste;2017;2002
12;mulher;negro;AC;Norte;2000;7
27;mulher;negro;AL;Nordeste;2000;46
16;mulher;negro;AP;Norte;2000;4
13;mulher;negro;AM;Norte;2000;28
29;mulher;negro;BA;Nordeste;2000;90
23;mulher;negro;CE;Nordeste;2000;51
53;mulher;negro;DF;Centro-Oeste;2000;32
32;mulher;negro;ES;Sudeste;2000;49
52;mulher;negro;GO;Centro-Oeste;2000;53
21;mulher;negro;MA;Nordeste;2000;24
51;mulher;negro;MT;Centro-Oeste;2000;47
50;mulher;negro;MS;Centro-Oeste;2000;30
31;mulher;negro;MG;Sudeste;2000;125
15;mulher;negro;PA;Norte;2000;55
25;mulher;negro;PB;Nordeste;2000;32
41;mulher;negro;PR;Sul;2000;22
26;mulher;negro;PE;Nordeste;2000;202
22;mulher;negro;PI;Nordeste;2000;8
33;mulher;negro;RJ;Sudeste;2000;265
24;mulher;negro;RN;Nordeste;2000;10
43;mulher;negro;RS;Sul;2000;22
11;mulher;negro;RO;Norte;2000;22
14;mulher;negro;RR;Norte;2000;12
42;mulher;negro;SC;Sul;2000;9
35;mulher;negro;SP;Sudeste;2000;378
28;mulher;negro;SE;Nordeste;2000;15
17;mulher;negro;TO;Norte;2000;10
12;mulher;negro;AC;Norte;2001;5
27;mulher;negro;AL;Nordeste;2001;31
16;mulher;negro;AP;Norte;2001;9
13;mulher;negro;AM;Norte;2001;45
29;mulher;negro;BA;Nordeste;2001;81
23;mulher;negro;CE;Nordeste;2001;58
53;mulher;negro;DF;Centro-Oeste;2001;34
32;mulher;negro;ES;Sudeste;2001;58
52;mulher;negro;GO;Centro-Oeste;2001;61
21;mulher;negro;MA;Nordeste;2001;36
51;mulher;negro;MT;Centro-Oeste;2001;56
50;mulher;negro;MS;Centro-Oeste;2001;31
31;mulher;negro;MG;Sudeste;2001;119
15;mulher;negro;PA;Norte;2001;74
25;mulher;negro;PB;Nordeste;2001;31
41;mulher;negro;PR;Sul;2001;24
26;mulher;negro;PE;Nordeste;2001;206
22;mulher;negro;PI;Nordeste;2001;24
33;mulher;negro;RJ;Sudeste;2001;306
24;mulher;negro;RN;Nordeste;2001;17
43;mulher;negro;RS;Sul;2001;17
11;mulher;negro;RO;Norte;2001;35
14;mulher;negro;RR;Norte;2001;6
42;mulher;negro;SC;Sul;2001;7
35;mulher;negro;SP;Sudeste;2001;379
28;mulher;negro;SE;Nordeste;2001;15
17;mulher;negro;TO;Norte;2001;14
12;mulher;negro;AC;Norte;2002;8
27;mulher;negro;AL;Nordeste;2002;39
16;mulher;negro;AP;Norte;2002;8
13;mulher;negro;AM;Norte;2002;27
29;mulher;negro;BA;Nordeste;2002;88
23;mulher;negro;CE;Nordeste;2002;48
53;mulher;negro;DF;Centro-Oeste;2002;36
32;mulher;negro;ES;Sudeste;2002;71
52;mulher;negro;GO;Centro-Oeste;2002;68
21;mulher;negro;MA;Nordeste;2002;31
51;mulher;negro;MT;Centro-Oeste;2002;53
50;mulher;negro;MS;Centro-Oeste;2002;35
31;mulher;negro;MG;Sudeste;2002;151
15;mulher;negro;PA;Norte;2002;62
25;mulher;negro;PB;Nordeste;2002;26
41;mulher;negro;PR;Sul;2002;35
26;mulher;negro;PE;Nordeste;2002;178
22;mulher;negro;PI;Nordeste;2002;18
33;mulher;negro;RJ;Sudeste;2002;284
24;mulher;negro;RN;Nordeste;2002;12
43;mulher;negro;RS;Sul;2002;34
11;mulher;negro;RO;Norte;2002;25
14;mulher;negro;RR;Norte;2002;9
42;mulher;negro;SC;Sul;2002;9
35;mulher;negro;SP;Sudeste;2002;363
28;mulher;negro;SE;Nordeste;2002;22
17;mulher;negro;TO;Norte;2002;16
12;mulher;negro;AC;Norte;2003;7
27;mulher;negro;AL;Nordeste;2003;39
16;mulher;negro;AP;Norte;2003;12
13;mulher;negro;AM;Norte;2003;30
29;mulher;negro;BA;Nordeste;2003;100
23;mulher;negro;CE;Nordeste;2003;40
53;mulher;negro;DF;Centro-Oeste;2003;45
32;mulher;negro;ES;Sudeste;2003;67
52;mulher;negro;GO;Centro-Oeste;2003;74
21;mulher;negro;MA;Nordeste;2003;58
51;mulher;negro;MT;Centro-Oeste;2003;53
50;mulher;negro;MS;Centro-Oeste;2003;27
31;mulher;negro;MG;Sudeste;2003;199
15;mulher;negro;PA;Norte;2003;78
25;mulher;negro;PB;Nordeste;2003;25
41;mulher;negro;PR;Sul;2003;32
26;mulher;negro;PE;Nordeste;2003;187
22;mulher;negro;PI;Nordeste;2003;24
33;mulher;negro;RJ;Sudeste;2003;277
24;mulher;negro;RN;Nordeste;2003;16
43;mulher;negro;RS;Sul;2003;23
11;mulher;negro;RO;Norte;2003;29
14;mulher;negro;RR;Norte;2003;5
42;mulher;negro;SC;Sul;2003;8
35;mulher;negro;SP;Sudeste;2003;378
28;mulher;negro;SE;Nordeste;2003;16
17;mulher;negro;TO;Norte;2003;17
12;mulher;negro;AC;Norte;2004;7
27;mulher;negro;AL;Nordeste;2004;42
16;mulher;negro;AP;Norte;2004;14
13;mulher;negro;AM;Norte;2004;34
29;mulher;negro;BA;Nordeste;2004;155
23;mulher;negro;CE;Nordeste;2004;44
53;mulher;negro;DF;Centro-Oeste;2004;43
32;mulher;negro;ES;Sudeste;2004;69
52;mulher;negro;GO;Centro-Oeste;2004;64
21;mulher;negro;MA;Nordeste;2004;44
51;mulher;negro;MT;Centro-Oeste;2004;60
50;mulher;negro;MS;Centro-Oeste;2004;30
31;mulher;negro;MG;Sudeste;2004;230
15;mulher;negro;PA;Norte;2004;77
25;mulher;negro;PB;Nordeste;2004;47
41;mulher;negro;PR;Sul;2004;41
26;mulher;negro;PE;Nordeste;2004;206
22;mulher;negro;PI;Nordeste;2004;14
33;mulher;negro;RJ;Sudeste;2004;251
24;mulher;negro;RN;Nordeste;2004;13
43;mulher;negro;RS;Sul;2004;26
11;mulher;negro;RO;Norte;2004;13
14;mulher;negro;RR;Norte;2004;3
42;mulher;negro;SC;Sul;2004;7
35;mulher;negro;SP;Sudeste;2004;285
28;mulher;negro;SE;Nordeste;2004;15
17;mulher;negro;TO;Norte;2004;14
12;mulher;negro;AC;Norte;2005;8
27;mulher;negro;AL;Nordeste;2005;46
16;mulher;negro;AP;Norte;2005;13
13;mulher;negro;AM;Norte;2005;40
29;mulher;negro;BA;Nordeste;2005;164
23;mulher;negro;CE;Nordeste;2005;45
53;mulher;negro;DF;Centro-Oeste;2005;32
32;mulher;negro;ES;Sudeste;2005;90
52;mulher;negro;GO;Centro-Oeste;2005;83
21;mulher;negro;MA;Nordeste;2005;49
51;mulher;negro;MT;Centro-Oeste;2005;51
50;mulher;negro;MS;Centro-Oeste;2005;31
31;mulher;negro;MG;Sudeste;2005;212
15;mulher;negro;PA;Norte;2005;101
25;mulher;negro;PB;Nordeste;2005;45
41;mulher;negro;PR;Sul;2005;50
26;mulher;negro;PE;Nordeste;2005;226
22;mulher;negro;PI;Nordeste;2005;29
33;mulher;negro;RJ;Sudeste;2005;273
24;mulher;negro;RN;Nordeste;2005;27
43;mulher;negro;RS;Sul;2005;22
11;mulher;negro;RO;Norte;2005;30
14;mulher;negro;RR;Norte;2005;9
42;mulher;negro;SC;Sul;2005;6
35;mulher;negro;SP;Sudeste;2005;260
28;mulher;negro;SE;Nordeste;2005;22
17;mulher;negro;TO;Norte;2005;15
12;mulher;negro;AC;Norte;2006;8
27;mulher;negro;AL;Nordeste;2006;66
16;mulher;negro;AP;Norte;2006;10
13;mulher;negro;AM;Norte;2006;33
29;mulher;negro;BA;Nordeste;2006;197
23;mulher;negro;CE;Nordeste;2006;65
53;mulher;negro;DF;Centro-Oeste;2006;39
32;mulher;negro;ES;Sudeste;2006;103
52;mulher;negro;GO;Centro-Oeste;2006;91
21;mulher;negro;MA;Nordeste;2006;58
51;mulher;negro;MT;Centro-Oeste;2006;42
50;mulher;negro;MS;Centro-Oeste;2006;24
31;mulher;negro;MG;Sudeste;2006;238
15;mulher;negro;PA;Norte;2006;118
25;mulher;negro;PB;Nordeste;2006;49
41;mulher;negro;PR;Sul;2006;48
26;mulher;negro;PE;Nordeste;2006;261
22;mulher;negro;PI;Nordeste;2006;28
33;mulher;negro;RJ;Sudeste;2006;267
24;mulher;negro;RN;Nordeste;2006;27
43;mulher;negro;RS;Sul;2006;30
11;mulher;negro;RO;Norte;2006;31
14;mulher;negro;RR;Norte;2006;3
42;mulher;negro;SC;Sul;2006;15
35;mulher;negro;SP;Sudeste;2006;242
28;mulher;negro;SE;Nordeste;2006;22
17;mulher;negro;TO;Norte;2006;18
12;mulher;negro;AC;Norte;2007;9
27;mulher;negro;AL;Nordeste;2007;68
16;mulher;negro;AP;Norte;2007;8
13;mulher;negro;AM;Norte;2007;43
29;mulher;negro;BA;Nordeste;2007;207
23;mulher;negro;CE;Nordeste;2007;84
53;mulher;negro;DF;Centro-Oeste;2007;41
32;mulher;negro;ES;Sudeste;2007;116
52;mulher;negro;GO;Centro-Oeste;2007;82
21;mulher;negro;MA;Nordeste;2007;50
51;mulher;negro;MT;Centro-Oeste;2007;54
50;mulher;negro;MS;Centro-Oeste;2007;28
31;mulher;negro;MG;Sudeste;2007;248
15;mulher;negro;PA;Norte;2007;112
25;mulher;negro;PB;Nordeste;2007;55
41;mulher;negro;PR;Sul;2007;41
26;mulher;negro;PE;Nordeste;2007;241
22;mulher;negro;PI;Nordeste;2007;24
33;mulher;negro;RJ;Sudeste;2007;216
24;mulher;negro;RN;Nordeste;2007;25
43;mulher;negro;RS;Sul;2007;29
11;mulher;negro;RO;Norte;2007;20
14;mulher;negro;RR;Norte;2007;10
42;mulher;negro;SC;Sul;2007;6
35;mulher;negro;SP;Sudeste;2007;185
28;mulher;negro;SE;Nordeste;2007;21
17;mulher;negro;TO;Norte;2007;26
12;mulher;negro;AC;Norte;2008;5
27;mulher;negro;AL;Nordeste;2008;71
16;mulher;negro;AP;Norte;2008;13
13;mulher;negro;AM;Norte;2008;56
29;mulher;negro;BA;Nordeste;2008;260
23;mulher;negro;CE;Nordeste;2008;74
53;mulher;negro;DF;Centro-Oeste;2008;57
32;mulher;negro;ES;Sudeste;2008;129
52;mulher;negro;GO;Centro-Oeste;2008;104
21;mulher;negro;MA;Nordeste;2008;67
51;mulher;negro;MT;Centro-Oeste;2008;57
50;mulher;negro;MS;Centro-Oeste;2008;22
31;mulher;negro;MG;Sudeste;2008;221
15;mulher;negro;PA;Norte;2008;139
25;mulher;negro;PB;Nordeste;2008;76
41;mulher;negro;PR;Sul;2008;55
26;mulher;negro;PE;Nordeste;2008;245
22;mulher;negro;PI;Nordeste;2008;31
33;mulher;negro;RJ;Sudeste;2008;223
24;mulher;negro;RN;Nordeste;2008;48
43;mulher;negro;RS;Sul;2008;32
11;mulher;negro;RO;Norte;2008;20
14;mulher;negro;RR;Norte;2008;5
42;mulher;negro;SC;Sul;2008;8
35;mulher;negro;SP;Sudeste;2008;199
28;mulher;negro;SE;Nordeste;2008;21
17;mulher;negro;TO;Norte;2008;17
12;mulher;negro;AC;Norte;2009;6
27;mulher;negro;AL;Nordeste;2009;96
16;mulher;negro;AP;Norte;2009;10
13;mulher;negro;AM;Norte;2009;60
29;mulher;negro;BA;Nordeste;2009;284
23;mulher;negro;CE;Nordeste;2009;80
53;mulher;negro;DF;Centro-Oeste;2009;61
32;mulher;negro;ES;Sudeste;2009;152
52;mulher;negro;GO;Centro-Oeste;2009;117
21;mulher;negro;MA;Nordeste;2009;67
51;mulher;negro;MT;Centro-Oeste;2009;55
50;mulher;negro;MS;Centro-Oeste;2009;25
31;mulher;negro;MG;Sudeste;2009;246
15;mulher;negro;PA;Norte;2009;152
25;mulher;negro;PB;Nordeste;2009;84
41;mulher;negro;PR;Sul;2009;57
26;mulher;negro;PE;Nordeste;2009;252
22;mulher;negro;PI;Nordeste;2009;22
33;mulher;negro;RJ;Sudeste;2009;190
24;mulher;negro;RN;Nordeste;2009;38
43;mulher;negro;RS;Sul;2009;36
11;mulher;negro;RO;Norte;2009;35
14;mulher;negro;RR;Norte;2009;12
42;mulher;negro;SC;Sul;2009;8
35;mulher;negro;SP;Sudeste;2009;230
28;mulher;negro;SE;Nordeste;2009;21
17;mulher;negro;TO;Norte;2009;23
12;mulher;negro;AC;Norte;2010;13
27;mulher;negro;AL;Nordeste;2010;104
16;mulher;negro;AP;Norte;2010;14
13;mulher;negro;AM;Norte;2010;60
29;mulher;negro;BA;Nordeste;2010;361
23;mulher;negro;CE;Nordeste;2010;111
53;mulher;negro;DF;Centro-Oeste;2010;50
32;mulher;negro;ES;Sudeste;2010;128
52;mulher;negro;GO;Centro-Oeste;2010;128
21;mulher;negro;MA;Nordeste;2010;99
51;mulher;negro;MT;Centro-Oeste;2010;54
50;mulher;negro;MS;Centro-Oeste;2010;38
31;mulher;negro;MG;Sudeste;2010;259
15;mulher;negro;PA;Norte;2010;197
25;mulher;negro;PB;Nordeste;2010;98
41;mulher;negro;PR;Sul;2010;51
26;mulher;negro;PE;Nordeste;2010;197
22;mulher;negro;PI;Nordeste;2010;28
33;mulher;negro;RJ;Sudeste;2010;196
24;mulher;negro;RN;Nordeste;2010;51
43;mulher;negro;RS;Sul;2010;38
11;mulher;negro;RO;Norte;2010;23
14;mulher;negro;RR;Norte;2010;9
42;mulher;negro;SC;Sul;2010;15
35;mulher;negro;SP;Sudeste;2010;223
28;mulher;negro;SE;Nordeste;2010;36
17;mulher;negro;TO;Norte;2010;30
12;mulher;negro;AC;Norte;2011;11
27;mulher;negro;AL;Nordeste;2011;114
16;mulher;negro;AP;Norte;2011;16
13;mulher;negro;AM;Norte;2011;66
29;mulher;negro;BA;Nordeste;2011;375
23;mulher;negro;CE;Nordeste;2011;106
53;mulher;negro;DF;Centro-Oeste;2011;61
32;mulher;negro;ES;Sudeste;2011;104
52;mulher;negro;GO;Centro-Oeste;2011;182
21;mulher;negro;MA;Nordeste;2011;109
51;mulher;negro;MT;Centro-Oeste;2011;60
50;mulher;negro;MS;Centro-Oeste;2011;40
31;mulher;negro;MG;Sudeste;2011;283
15;mulher;negro;PA;Norte;2011;154
25;mulher;negro;PB;Nordeste;2011;117
41;mulher;negro;PR;Sul;2011;55
26;mulher;negro;PE;Nordeste;2011;223
22;mulher;negro;PI;Nordeste;2011;28
33;mulher;negro;RJ;Sudeste;2011;223
24;mulher;negro;RN;Nordeste;2011;56
43;mulher;negro;RS;Sul;2011;21
11;mulher;negro;RO;Norte;2011;31
14;mulher;negro;RR;Norte;2011;9
42;mulher;negro;SC;Sul;2011;5
35;mulher;negro;SP;Sudeste;2011;179
28;mulher;negro;SE;Nordeste;2011;50
17;mulher;negro;TO;Norte;2011;36
12;mulher;negro;AC;Norte;2012;14
27;mulher;negro;AL;Nordeste;2012;116
16;mulher;negro;AP;Norte;2012;15
13;mulher;negro;AM;Norte;2012;89
29;mulher;negro;BA;Nordeste;2012;368
23;mulher;negro;CE;Nordeste;2012;110
53;mulher;negro;DF;Centro-Oeste;2012;63
32;mulher;negro;ES;Sudeste;2012;137
52;mulher;negro;GO;Centro-Oeste;2012;171
21;mulher;negro;MA;Nordeste;2012;96
51;mulher;negro;MT;Centro-Oeste;2012;62
50;mulher;negro;MS;Centro-Oeste;2012;45
31;mulher;negro;MG;Sudeste;2012;303
15;mulher;negro;PA;Norte;2012;202
25;mulher;negro;PB;Nordeste;2012;119
41;mulher;negro;PR;Sul;2012;68
26;mulher;negro;PE;Nordeste;2012;185
22;mulher;negro;PI;Nordeste;2012;40
33;mulher;negro;RJ;Sudeste;2012;223
24;mulher;negro;RN;Nordeste;2012;42
43;mulher;negro;RS;Sul;2012;39
11;mulher;negro;RO;Norte;2012;36
14;mulher;negro;RR;Norte;2012;7
42;mulher;negro;SC;Sul;2012;18
35;mulher;negro;SP;Sudeste;2012;257
28;mulher;negro;SE;Nordeste;2012;52
17;mulher;negro;TO;Norte;2012;40
12;mulher;negro;AC;Norte;2013;29
27;mulher;negro;AL;Nordeste;2013;117
16;mulher;negro;AP;Norte;2013;15
13;mulher;negro;AM;Norte;2013;71
29;mulher;negro;BA;Nordeste;2013;362
23;mulher;negro;CE;Nordeste;2013;125
53;mulher;negro;DF;Centro-Oeste;2013;66
32;mulher;negro;ES;Sudeste;2013;129
52;mulher;negro;GO;Centro-Oeste;2013;191
21;mulher;negro;MA;Nordeste;2013;107
51;mulher;negro;MT;Centro-Oeste;2013;62
50;mulher;negro;MS;Centro-Oeste;2013;40
31;mulher;negro;MG;Sudeste;2013;274
15;mulher;negro;PA;Norte;2013;190
25;mulher;negro;PB;Nordeste;2013;104
41;mulher;negro;PR;Sul;2013;59
26;mulher;negro;PE;Nordeste;2013;224
22;mulher;negro;PI;Nordeste;2013;36
33;mulher;negro;RJ;Sudeste;2013;236
24;mulher;negro;RN;Nordeste;2013;59
43;mulher;negro;RS;Sul;2013;33
11;mulher;negro;RO;Norte;2013;28
14;mulher;negro;RR;Norte;2013;14
42;mulher;negro;SC;Sul;2013;16
35;mulher;negro;SP;Sudeste;2013;215
28;mulher;negro;SE;Nordeste;2013;48
17;mulher;negro;TO;Norte;2013;31
12;mulher;negro;AC;Norte;2014;16
27;mulher;negro;AL;Nordeste;2014;118
16;mulher;negro;AP;Norte;2014;19
13;mulher;negro;AM;Norte;2014;64
29;mulher;negro;BA;Nordeste;2014;323
23;mulher;negro;CE;Nordeste;2014;145
53;mulher;negro;DF;Centro-Oeste;2014;46
32;mulher;negro;ES;Sudeste;2014;110
52;mulher;negro;GO;Centro-Oeste;2014;212
21;mulher;negro;MA;Nordeste;2014;129
51;mulher;negro;MT;Centro-Oeste;2014;76
50;mulher;negro;MS;Centro-Oeste;2014;44
31;mulher;negro;MG;Sudeste;2014;259
15;mulher;negro;PA;Norte;2014;221
25;mulher;negro;PB;Nordeste;2014;98
41;mulher;negro;PR;Sul;2014;63
26;mulher;negro;PE;Nordeste;2014;203
22;mulher;negro;PI;Nordeste;2014;51
33;mulher;negro;RJ;Sudeste;2014;283
24;mulher;negro;RN;Nordeste;2014;71
43;mulher;negro;RS;Sul;2014;51
11;mulher;negro;RO;Norte;2014;38
14;mulher;negro;RR;Norte;2014;10
42;mulher;negro;SC;Sul;2014;21
35;mulher;negro;SP;Sudeste;2014;227
28;mulher;negro;SE;Nordeste;2014;65
17;mulher;negro;TO;Norte;2014;29
12;mulher;negro;AC;Norte;2015;14
27;mulher;negro;AL;Nordeste;2015;90
16;mulher;negro;AP;Norte;2015;13
13;mulher;negro;AM;Norte;2015;96
29;mulher;negro;BA;Nordeste;2015;331
23;mulher;negro;CE;Nordeste;2015;154
53;mulher;negro;DF;Centro-Oeste;2015;45
32;mulher;negro;ES;Sudeste;2015;107
52;mulher;negro;GO;Centro-Oeste;2015;176
21;mulher;negro;MA;Nordeste;2015;115
51;mulher;negro;MT;Centro-Oeste;2015;88
50;mulher;negro;MS;Centro-Oeste;2015;38
31;mulher;negro;MG;Sudeste;2015;267
15;mulher;negro;PA;Norte;2015;236
25;mulher;negro;PB;Nordeste;2015;84
41;mulher;negro;PR;Sul;2015;49
26;mulher;negro;PE;Nordeste;2015;198
22;mulher;negro;PI;Nordeste;2015;56
33;mulher;negro;RJ;Sudeste;2015;233
24;mulher;negro;RN;Nordeste;2015;76
43;mulher;negro;RS;Sul;2015;55
11;mulher;negro;RO;Norte;2015;49
14;mulher;negro;RR;Norte;2015;10
42;mulher;negro;SC;Sul;2015;18
35;mulher;negro;SP;Sudeste;2015;201
28;mulher;negro;SE;Nordeste;2015;64
17;mulher;negro;TO;Norte;2015;39
12;mulher;negro;AC;Norte;2016;19
27;mulher;negro;AL;Nordeste;2016;91
16;mulher;negro;AP;Norte;2016;15
13;mulher;negro;AM;Norte;2016;93
29;mulher;negro;BA;Nordeste;2016;379
23;mulher;negro;CE;Nordeste;2016;149
53;mulher;negro;DF;Centro-Oeste;2016;53
32;mulher;negro;ES;Sudeste;2016;81
52;mulher;negro;GO;Centro-Oeste;2016;180
21;mulher;negro;MA;Nordeste;2016;133
51;mulher;negro;MT;Centro-Oeste;2016;77
50;mulher;negro;MS;Centro-Oeste;2016;46
31;mulher;negro;MG;Sudeste;2016;247
15;mulher;negro;PA;Norte;2016;274
25;mulher;negro;PB;Nordeste;2016;88
41;mulher;negro;PR;Sul;2016;44
26;mulher;negro;PE;Nordeste;2016;238
22;mulher;negro;PI;Nordeste;2016;43
33;mulher;negro;RJ;Sudeste;2016;276
24;mulher;negro;RN;Nordeste;2016;74
43;mulher;negro;RS;Sul;2016;50
11;mulher;negro;RO;Norte;2016;34
14;mulher;negro;RR;Norte;2016;10
42;mulher;negro;SC;Sul;2016;27
35;mulher;negro;SP;Sudeste;2016;200
28;mulher;negro;SE;Nordeste;2016;54
17;mulher;negro;TO;Norte;2016;30
11;mulher;negro;RO;Norte;2017;40
12;mulher;negro;AC;Norte;2017;24
13;mulher;negro;AM;Norte;2017;98
14;mulher;negro;RR;Norte;2017;16
15;mulher;negro;PA;Norte;2017;286
16;mulher;negro;AP;Norte;2017;23
17;mulher;negro;TO;Norte;2017;30
21;mulher;negro;MA;Nordeste;2017;113
22;mulher;negro;PI;Nordeste;2017;39
23;mulher;negro;CE;Nordeste;2017;325
24;mulher;negro;RN;Nordeste;2017;129
25;mulher;negro;PB;Nordeste;2017;76
26;mulher;negro;PE;Nordeste;2017;257
27;mulher;negro;AL;Nordeste;2017;104
28;mulher;negro;SE;Nordeste;2017;64
29;mulher;negro;BA;Nordeste;2017;417
31;mulher;negro;MG;Sudeste;2017;261
32;mulher;negro;ES;Sudeste;2017;116
33;mulher;negro;RJ;Sudeste;2017;260
35;mulher;negro;SP;Sudeste;2017;166
41;mulher;negro;PR;Sul;2017;33
42;mulher;negro;SC;Sul;2017;23
43;mulher;negro;RS;Sul;2017;61
50;mulher;negro;MS;Centro-Oeste;2017;33
51;mulher;negro;MT;Centro-Oeste;2017;70
52;mulher;negro;GO;Centro-Oeste;2017;190
53;mulher;negro;DF;Centro-Oeste;2017;34
